Id,"First Name","Last Name","Company Name",Phone1,Phone1Ext,"Physical Street1","Physical City","Physical State","Physical Zip","Mailing Street1","Mailing Street2","Mailing City","Mailing State","Mailing Zip",Email
526,Kathryn,Nelson,,571-426-6966,,"17158 MAPLE WOOD PARKWAY","Falls Church",VA,22047,,,,,,knelson0@stumbleupon.com
527,Paul,Stephens,Tagpad,405-485-3036,,"39860 CHIVE ALLEY","Oklahoma City",OK,73197,,,,,,pstephens1@wp.com
528,Virginia,Lawrence,Blognation,310-750-8943,,"52 MENDOTA ALLEY",Inglewood,CA,90310,,,,,,vlawrence2@netvibes.com
529,Richard,Wilson,Leexo,864-738-0828,,"4 MOULTON HILL",Anderson,SC,29625,,,,,,rwilson3@yolasite.com
530,Debra,Jones,Roombo,915-615-3130,,"753 COLEMAN COURT","El Paso",TX,88519,,,,,,djones4@taobao.com
531,Carlos,Ray,Browsebug,405-983-8312,,"0233 MELBY POINT","Oklahoma City",OK,73104,"9736 Melvin Place",6511,"Santa Barbara",CA,93106,cray5@tuttocitta.it
532,Roger,Patterson,,469-176-2511,,"320 KINSMAN DRIVE",Dallas,TX,75287,,,,,,rpatterson6@wufoo.com
533,Joseph,Oliver,Minyx,702-429-8416,,"62 PETTERLE TRAIL",Henderson,NV,89012,,,,,,joliver7@hexun.com
534,George,Crawford,Talane,202-427-4389,,"10 REDWING ROAD",Washington,DC,20575,,,,,,gcrawford8@economist.com
535,Bonnie,Turner,Topicblab,210-562-7287,,"4755 BUHLER PLACE","San Antonio",TX,78225,,,,,,bturner9@wunderground.com
536,Cynthia,Moreno,,478-606-4414,,"2746 MERCHANT TRAIL",Macon,GA,31210,,,,,,cmorenoa@gmpg.org
537,Nicholas,Wright,Realbridge,520-917-1568,,"6 CODY HILL",Tucson,AZ,85725,,,,,,nwrightb@scribd.com
538,Julie,Arnold,,770-601-4243,,"8 EVERGREEN POINT",Atlanta,GA,30340,,,,,,jarnoldc@creativecommons.org
539,Billy,Banks,,202-731-3556,,"7456 MITCHELL LANE",Washington,DC,20051,,,,,,bbanksd@icio.us
540,Shawn,Dixon,Bluejam,806-131-0915,,"5 WAYRIDGE JUNCTION",Lubbock,TX,79410,,,,,,sdixone@spotify.com
541,Roy,Young,,816-400-9576,,"0 ELIOT ALLEY","Kansas City",MO,64136,,,,,,ryoungf@altervista.org
542,Gregory,Turner,,562-105-1076,,"66295 VIDON HILL","Long Beach",CA,90805,,,,,,gturnerg@addthis.com
543,Kimberly,Flores,Bluezoom,540-768-8419,,"00294 BROWNING TERRACE",Roanoke,VA,24004,"3 Steensland Center",1781,Anchorage,AK,99512,kfloresh@slate.com
544,Kevin,Robinson,,704-607-4870,,"98 BELLGROVE HILL",Charlotte,NC,28263,,,,,,krobinsoni@zimbio.com
545,Eric,Taylor,Flipstorm,904-873-8865,,"180 RIDGEWAY PASS",Jacksonville,FL,32209,,,,,,etaylorj@phoca.cz
546,Jeffrey,Burton,Izio,501-377-0250,,"2987 HELENA TERRACE","Little Rock",AR,72209,"32 Lindbergh Way",3,Houston,TX,77075,jburtonk@techcrunch.com
547,Amy,Martinez,Gigashots,937-928-6291,,"740 CROWLEY PLACE",Hamilton,OH,45020,,,,,,amartinezl@biblegateway.com
548,Jose,Williamson,,504-246-7459,,"0444 NAMEKAGON CENTER","New Orleans",LA,70160,"020 Monica Trail",6561,Beaumont,TX,77713,jwilliamsonm@plala.or.jp
549,Jeremy,Collins,Riffpedia,520-427-3356,,"99662 KROPF PARKWAY",Tucson,AZ,85754,"5249 Tony Pass",938,Phoenix,AZ,85072,jcollinsn@gov.uk
550,Eugene,Watkins,Realblab,469-970-6101,823,"3 UNION CROSSING",Irving,TX,75062,,,,,,ewatkinso@home.pl
